cpgs,age_correlations
cg00952468,-0.7578115223644979
cg02534193,-0.6456928704543636
cg02714609,-0.8205638745058182
cg07279255,0.6955698323059061
cg07493173,-0.7853696168091118
cg09622321,-0.868598202306318
cg12584622,-0.8685458977090846
cg14043264,-0.7816891048578932
cg14671961,-0.6566468861895426
cg15809488,-0.7487017202542836
cg15992086,-0.6121673263984935
cg16678811,-0.7887320663874573
cg17856858,-0.8160761821346147
cg18629679,-0.8387454587114025
cg21419180,0.4589936919345194
cg21420547,0.544441581486566
cg22069272,-0.8289810408466183
cg22416332,-0.7401544794927093
cg25579908,-0.7404095179249514
cg26286303,-0.7183765797347965
cg26313355,-0.7742709628970947
cg26899365,-0.7246498698143277
cg27600712,-0.8134218430176989
